Business_&_Management,Healthcare_&_Medical,Creative_Arts_&_Media,Engineering_&_Technology,Education_&_Teaching,Science_&_Research,Legal_&_Government,Finance_&_Accounting,Construction_&_Surveying,Environment_&_Agriculture,Social_Services_&_Community,Transportation_&_Entertainment_Services
Retail merchandiser,Occupational hygienist,Presenter - broadcasting,Control and instrumentation engineer,English as a second language teacher,Geologist - engineering,Police officer,Chartered public finance accountant,Quantity surveyor,Arboriculturist,Counsellor,Transport planner
Catering manager,Orthoptist,Stage manager,Engineer - electronics,Primary school teacher,Hydrogeologist,Lawyer,Corporate investment banker,Land/geomatics surveyor,Horticultural consultant,Aid worker,Ship broker
Product manager,Physiotherapist,Theatre director,Engineer - manufacturing,Early years teacher,Geophysicist/field seismologist,Patent attorney,Accounting technician,Hydrographic surveyor,Tree surgeon,Education officer - community,Air traffic controller
Sports administrator,Nurse - children's,Production assistant - television,Engineer - communications,Teacher - primary school,Herpetologist,Chartered legal executive (England and Wales),Tax adviser,Rural practice surveyor,Environmental manager,Volunteer coordinator,Tour manager
Hotel manager,Neurosurgeon,Editor - film/video,Communications engineer,Teacher - special educational needs,Wellsite geologist,Emergency planning/management officer,Accountant - chartered public finance,Historic buildings inspector/conservation officer,Horticulturist - commercial,Charity officer,Pilot - airline
Health service manager,Clinical psychologist,Programmer - multimedia,Materials engineer,Teacher - English as a foreign language,Operational researcher,Fisheries officer,Accountant - chartered certified,Surveyor - land/geomatics,Agricultural consultant,Arts development officer,Airline pilot
Retail manager,Biochemist - clinical,Television production assistant,Broadcast engineer,TEFL teacher,Archaeologist,Immigration officer,Senior tax professional/tax inspector,Conservation officer - historic buildings,Forest/woodland manager,Advice worker,Cabin crew
Chief Marketing Officer,Health promotion specialist,Musician,Aeronautical engineer,Lecturer - further education,Plant breeder/geneticist,Prison officer,Financial trader,Surveyor - rural practice,Amenity horticulturist,Race relations officer,Theme park manager
Public relations officer,Biomedical scientist,Illustrator,Applications developer,English as a foreign language teacher,Ecologist,Intelligence analyst,Pensions consultant,Architect,Warden/ranger,Community arts worker,Tourism officer
Magazine features editor,Herbalist,Fine artist,Systems developer,Associate Professor,Lexicographer,Social research officer - government,Equities trader,Surveyor - mining,Farm manager,Community development worker,Travel agency manager
Politician's assistant,Child psychotherapist,Interior and spatial designer,Network engineer,Museum education officer,Analytical chemist,Solicitor - Scotland,Comptroller,Surveyor - minerals,Environmental education officer,Development worker - international aid,Restaurant manager - fast food
Visual merchandiser,Occupational psychologist,Animator,Telecommunications researcher,Secondary school teacher,Environmental consultant,Probation officer,Retail banker,Surveyor - hydrographic,Nature conservation officer,Charity fundraiser,
Administrator - education,Pharmacologist,Textile designer,Armed forces technical officer,Teacher - early years/pre,Scientist - marine,Licensed conveyancer,Insurance underwriter,Building control surveyor,Energy manager,Development worker - community,
Risk analyst,Hospital pharmacist,Curator,Petroleum engineer,Teacher - adult education,Product/process development scientist,Equality and diversity officer,Insurance broker,Commercial/residential surveyor,Waste management officer,,
Advertising account planner,Counselling psychologist,Designer - ceramics/pottery,Engineer - control and instrumentation,Higher education careers adviser,Water quality scientist,Local government officer,Accountant - chartered,Town planner,Commercial horticulturist,,
Financial adviser,Acupuncturist,Copy,Water engineer,Armed forces training and education officer,Animal nutritionist,Barrister's clerk,Chartered accountant,Building surveyor,,,
Civil Service fast streamer,Forensic psychologist,Make,Engineer - agricultural,Special educational needs teacher,Statistician,Solicitor,Investment banker - corporate,Planning and development surveyor,,,
Barista,Dispensing optician,Television camera operator,Engineer - mining,Private music teacher,Scientific laboratory technician,,Investment analyst,Estate manager/land agent,,,
Trade mark attorney,Homeopath,Art gallery manager,Metallurgist,Learning mentor,Chemist - analytical,,Insurance risk surveyor,Landscape architect,,,
Engineer - technical sales,Pathologist,Video editor,Mining engineer,Teacher - secondary school,Geneticist - molecular,,,Minerals surveyor,,,
Tourist information centre manager,Chiropodist,Broadcast journalist,Architectural technologist,Lecturer - higher education,Oceanographer,,,Cartographer,,,
Location manager,Learning disability nurse,Magazine journalist,Engineer - civil (contracting),Community education officer,Field trials officer,,,,,,
Research officer - trade union,Community pharmacist,Glass blower/designer,Engineer - water,Outdoor activities/education manager,Scientist - research (physical sciences),,,,,,
Air cabin crew,Radiographer - therapeutic,Exhibitions officer - museum/gallery,Electronics engineer,Teaching laboratory technician,Field seismologist,,,,,,
Chief of Staff,Doctor - hospital,Music tutor,Engineer - civil (consulting),Further education lecturer,Geologist - wellsite,,,,,,
Merchandiser - retail,Dance movement psychotherapist,Writer,Naval architect,Professor Emeritus,Hydrologist,,,,,,
Press sub,Occupational therapist,Web designer,Manufacturing engineer,Careers adviser,Operations geologist,,,,,,
Management consultant,Mental health nurse,Designer - multimedia,Engineer - aeronautical,,Scientist - research (medical),,,,,,
Investment banker - operational,Therapist - horticultural,Producer - television/film/video,Chemical engineer,,Animal technologist,,,,,,
Operational investment banker,Therapist - sports,Jewellery designer,Engineering geologist,,Social researcher,,,,,,
Buyer - industrial,Scientist - clinical (histocompatibility and immunogenetics),Designer - furniture,Engineer - petroleum,,Geochemist,,,,,,
Armed forces logistics/support/administrative officer,Health physicist,Museum/gallery exhibitions officer,IT consultant,,Research scientist (physical sciences),,,,,,
Commissioning editor,Nutritional therapist,Broadcast presenter,Engineer - maintenance,,Research scientist (maths),,,,,,
Records manager,Ambulance person,Product designer,Engineer - automotive,,Scientist - research (maths),,,,,,
Public relations account executive,Medical physicist,Industrial/product designer,Engineer - building services,,Soil scientist,,,,,,
Personnel officer,Therapist - occupational,Education officer - museum,Engineer - site,,Research scientist (life sciences),,,,,,
Sales promotion account executive,Podiatrist,Theatre manager,Software engineer,,Economist,,,,,,
Pension scheme manager,Diagnostic radiographer,Editor - commissioning,Contracting civil engineer,,,,,,,,
Regulatory affairs officer,Horticultural therapist,Television/film/video producer,Electrical engineer,,,,,,,,
Futures trader,Therapist - drama,Museum/gallery conservator,Biomedical engineer,,,,,,,,
Sales executive,Physiological scientist,Gaffer,Database administrator,,,,,,,,
Education administrator,Medical technical officer,Film/video editor,Building services engineer,,,,,,,,
Civil Service administrator,Clinical cytogeneticist,Heritage manager,Manufacturing systems engineer,,,,,,,,
Copywriter - advertising,Surgeon,Artist,Maintenance engineer,,,,,,,,
Warehouse manager,Immunologist,Dancer,Site engineer,,,,,,,,
Freight forwarder,Psychotherapist,Designer - jewellery,Engineer - materials,,,,,,,,
Research officer - political party,Psychologist - sport and exercise,Conservator - furniture,Engineer - structural,,,,,,,,
Logistics and distribution manager,Psychologist - forensic,Exhibition designer,Programmer - applications,,,,,,,,
Chief Strategy Officer,Clinical research associate,Designer - industrial/product,Production engineer,,,,,,,,
Public house manager,Scientist - audiological,Designer - exhibition/display,Engineer - broadcasting (operations),,,,,,,,
Fitness centre manager,Embryologist - clinical,Programme researcher - broadcasting/film/video,Technical brewer,,,,,,,,
Medical sales representative,Optometrist,Camera operator,Structural engineer,,,,,,,,
Air broker,Therapist - music,Archivist,Mechanical engineer,,,,,,,,
Dealer,Scientist - physiological,Public librarian,Engineer - drilling,,,,,,,,
Training and development officer,Psychologist - counselling,Interpreter,IT trainer,,,,,,,,
Human resources officer,Exercise physiologist,Science writer,Energy engineer,,,,,,,,
Careers information officer,Pharmacist - community,Designer - television/film set,Systems analyst,,,,,,,,
Claims inspector/assessor,Cytogeneticist,Special effects artist,Data scientist,,,,,,,,
Advertising copywriter,Educational psychologist,Therapist - art,Engineer - production,,,,,,,,
Radio broadcast assistant,Paramedic,Conservator - museum/gallery,Engineer - land,,,,,,,,
Administrator - arts,Barrister,Multimedia programmer,Chief Technology Officer,,,,,,,,
Tax inspector,Oncologist,Designer - interior/spatial,Drilling engineer,,,,,,,,
Loss adjuster - chartered,Psychiatric nurse,Ceramics designer,Engineer - biomedical,,,,,,,,
Chartered loss adjuster,Veterinary surgeon,Designer - textile,Mudlogger,,,,,,,,
Sports development officer,Phytotherapist,Set designer,Geoscientist,,,,,,,,
Event organiser,Toxicologist,Furniture conservator/restorer,Seismic interpreter,,,,,,,,
Administrator - local government,Nurse - mental health,Furniture designer,Clothing/textile technologist,,,,,,,,
Producer - radio,Radiographer - diagnostic,Television floor manager,Colour technologist,,,,,,,,
Advertising account executive,Hospital doctor,Radio producer,Garment/textile technologist,,,,,,,,
Leisure centre manager,Psychologist - clinical,,,,,,,,,,
Editor - magazine features,Psychotherapist - child,,,,,,,,,,
Administrator - charities/voluntary organisations,Paediatric nurse,,,,,,,,,,
Press photographer,Clinical biochemist,,,,,,,,,,
Journalist - newspaper,Physicist - medical,,,,,,,,,,
Purchasing manager,Sport and exercise psychologist,,,,,,,,,,
Production manager,Optician - dispensing,,,,,,,,,,
Bookseller,Music therapist,,,,,,,,,,
Medical secretary,Audiological scientist,,,,,,,,,,
Buyer - retail,Health visitor,,,,,,,,,,
Company secretary,Doctor - general practice,,,,,,,,,,
Trading standards officer,General practice doctor,,,,,,,,,,
Marketing executive,Pharmacist - hospital,,,,,,,,,,
Market researcher,Research scientist (medical),,,,,,,,,,
Administrator,Osteopath,,,,,,,,,,
Chief Financial Officer,Environmental health practitioner,,,,,,,,,,
Production assistant - radio,Psychiatrist,,,,,,,,,,
Sales professional - IT,Scientist - biomedical,,,,,,,,,,
Media planner,,,,,,,,,,,
Call centre manager,,,,,,,,,,,
Chief Executive Officer,,,,,,,,,,,
Media buyer,,,,,,,,,,,
Retail buyer,,,,,,,,,,,
Insurance claims handler,,,,,,,,,,,
Facilities manager,,,,,,,,,,,
Chief Operating Officer,,,,,,,,,,,
Secretary/administrator,,,,,,,,,,,
Information systems manager,,,,,,,,,,,
Industrial buyer,,,,,,,,,,,
Public affairs consultant,,,,,,,,,,,
Quarry manager,,,,,,,,,,,
